year,folm,nppfol,nppwood,npproot,psn,nep,gpp,prec,evap,trans,drain,wtrstress,decresp,v1,v2
1706,0.0,300.0,666.6666666666666,294.27255069663164,501.43592017765616,-515.4371760243939,705.5658259571945,100.33,11.036299999999999,24.32417708910281,77.96952291089718,0.9999999999999997,0,0,1
1707,0.0,289.8213641362592,606.4755078518576,260.3850640125315,463.3844868250145,-507.0369924084521,646.349361554318,121.8,13.398,23.93996059936122,100.83478725285406,0.9999999999999998,0,0,1
1708,0.0,284.0648673953868,541.2922504729288,245.44388803655823,469.62245120539563,-454.4142553668373,642.1380101261576,129.57999999999998,14.253799999999998,22.817444932842964,112.26957614829689,0.9999999999999999,0,0,1
1709,0.0,292.0710321742531,492.8691030636901,250.26470656526357,541.2029214005661,-269.1168876845967,712.012679973324,107.85000000000001,11.8635,30.137334169833963,121.38290614271025,0.9999999999999996,0,0,1
1710,0.0,313.0837498728739,486.252924838956,260.96947024608306,579.0299837942441,-291.6479331532907,750.8308344284069,123.83,13.6213,29.05937547754646,98.49987021095173,1.0,0,0,1
1711,0.0,312.9182232755578,491.6236375338443,297.4108020029103,555.2755866438113,-153.21673856259082,751.7832302576811,154.61999999999998,17.0082,33.04039966468213,137.04421722437553,0.9965541168031193,0,0,1
1712,0.0,310.02512111785103,483.6438761586449,273.4752720813784,552.8826756590059,-313.5746697003018,733.9016862581561,141.45999999999998,15.560599999999999,31.14282011224172,112.33142078941216,0.9999999999999997,0,0,1
1713,0.0,306.2141502573131,477.7156443508222,274.56811522624986,618.016947708586,-288.487891081953,808.3863457568629,94.11,10.3521,32.48999581665735,68.35653445952403,0.9999999999999998,0,0,1
1714,0.0,310.15695686043455,513.1392578066217,263.49407890839007,547.6912008662711,-350.82834430137586,728.9377594982916,125.95999999999998,13.8556,26.20062916004827,101.52289512033097,0.9999999999999998,0,0,1
1715,0.0,298.67301296019906,500.4145744000313,278.1533881896121,507.554105038372,-290.2471277078365,690.9945045315905,118.2,13.001999999999999,28.515693587255498,89.36681500680169,1.0,0,0,1
1716,0.0,297.4349657196801,473.07104178865086,273.572094826477,490.0484306816997,-401.5896992281741,678.2848339761377,106.06000000000002,11.666599999999999,28.289759410258508,99.74147083528015,0.9999999999999996,0,0,1
1717,0.0,298.7228190331981,441.0092201776755,257.80121664794393,490.46200041757936,-430.3244615807304,669.5022567941467,127.47999999999999,14.0228,26.933158600123193,98.88500856473122,0.9999999999999998,0,0,1
1718,0.0,297.35540297869363,414.46464293971934,266.3597596022244,512.2075893985751,-427.6220366518576,697.5891613347138,126.18000000000002,13.879800000000003,26.718449973134238,96.2476855391778,0.9999999999999998,0,0,1
1719,0.0,299.8483788921896,406.2162527632955,269.1887669764634,528.6615202921791,-392.10744711102353,717.5196628671832,116.53999999999999,12.819399999999998,30.374744357546017,81.09809187012097,1.0,0,0,1
1720,0.0,303.65031415068427,407.0778007572509,247.51451176883464,478.8782783393821,-378.7376920166607,642.9298081760762,109.4,12.034,25.116654154642873,89.13884476841372,1.0,0,0,1
1721,0.0,300.29326925178157,375.9204079323985,278.72198114004306,474.31144641438726,-177.17895235896674,649.3518055317323,114.55,12.600499999999998,27.470580398726966,167.51840544302573,0.9999999999999999,0,0,1
1722,0.0,293.2616701519528,351.9638792871855,273.161461747515,504.94726728225737,-282.8193803787391,689.0701987698335,125.05000000000001,13.755499999999998,27.640183030553153,133.6134866435837,0.9999999999999999,0,0,1
1723,0.0,292.9908713984583,355.0866786086091,258.60505766805784,499.0158798010882,-292.3846121786584,677.607952701422,99.03000000000002,10.893300000000002,29.24838437471026,78.78427635929532,0.9999999999999996,0,0,1
1724,0.0,305.19570461570993,350.98409977070565,260.67864919021383,537.6406411800831,-350.684338894019,715.9984287751332,152.87,16.8157,26.682558797876993,136.01581795521994,0.9999999999999997,0,0,1
1725,0.0,299.4353816394144,365.1767802488093,264.65154391705335,616.1603964261151,25.939858454481225,788.984515164385,96.94000000000001,10.6634,30.722195604826645,90.09847003750151,0.9999999999999999,0,0,1
1726,0.0,322.0205129089723,420.7626660458672,296.9041733877705,552.2340506991646,-427.48484990186915,763.3263327776225,143.43,15.7773,28.110760967879887,104.59649187497737,0.9999999999999998,0,0,1
1727,0.0,298.5289959858862,422.58248642871985,274.53290921635386,530.2910053866162,-278.9946732777074,723.2964590214121,114.5,12.595,29.22346484494658,97.00935201513423,0.9999999999999997,0,0,1
1728,0.0,292.7414774220675,424.97465035804305,243.23177536040407,468.5434646095561,-423.5078092779683,646.007530816761,124.91999999999999,13.7412,21.68044723598648,101.48118434972773,0.9999999999999998,0,0,1
1729,19.644176165715404,292.32405008505066,392.96824971513956,269.1084735573598,529.4113878756029,-417.18857279719504,711.6404896946517,110.91,12.200099999999997,27.061012996988666,89.57061974680038,0.9999999999999996,0,0,1
1730,0.0,281.21511103173276,406.34299260401474,260.93296092059336,493.56964558802343,-384.56806785810124,690.7313909099094,121.75,13.392499999999998,26.89098476490974,108.35810754771416,0.9999999999999998,0,0,1
1731,0.0,291.1198370543393,400.25735724500356,246.6867275600979,439.15223319082065,-455.9066378041759,616.9733676803916,133.19,14.6509,20.471817384761682,114.80823092952413,0.9999999999999998,0,0,1
1732,0.0,290.42702219255955,356.8143104972753,248.2262937652389,475.1641374784474,-413.2447725735676,647.1992507166752,127.83,14.0613,20.912562424657068,98.12317283248589,0.9999999999999998,0,0,1
1733,0.0,292.41994676965896,342.5903767303148,271.6861082618703,449.4585788182325,-472.50409902580236,632.6535390838668,150.54,16.5594,23.029672340814944,130.27961772347084,1.0,0,0,1
1734,0.0,290.4628841348845,315.55514364289496,262.46549716909976,445.0187355346685,-496.81577553284427,636.7900825837785,154.05,16.9455,21.657003943298424,117.15960113527305,1.0,0,0,1
1735,0.0,286.380140686033,293.4048363322119,252.4454542683423,474.6572915458996,-396.46041132861956,650.2342955144335,108.46,11.9306,24.98904996049569,85.02290793001328,0.9999999999999999,0,0,1
1736,0.0,293.82055185201517,293.82055185201517,254.85844706500214,465.1885903670813,-442.880953068092,644.1219254516071,155.16999999999996,17.0687,22.141946231796982,126.117617968203,0.9999999999999996,0,0,1
1737,0.0,285.0585036199393,285.0585036199393,248.82720663777508,483.5711449874163,-396.4584665327876,655.9584993204684,132.62,14.5882,20.43875630560092,122.30656815937081,0.9999999999999998,0,0,1
1738,0.0,292.88670684267004,292.88670684267004,282.3974963166931,496.22063122920804,-486.8802059699309,701.8904182346757,151.42999999999998,16.6573,26.269312964558836,119.42269094975363,0.9999999999999998,0,0,1
1739,0.0,289.63083321523965,302.735806335643,253.8221329076721,464.07817078410534,-477.4881207112377,653.5130075820584,155.70999999999998,17.1281,22.298780916956275,135.1405019166178,1.0,0,0,1
1740,0.0,283.9741706501678,295.29755703206774,255.79613454422318,504.73219991861725,-469.11059473160526,698.601558446785,100.33,11.036299999999999,24.062225196872088,66.99207280312791,0.9999999999999998,0,0,1
1741,0.0,295.1728600031099,313.9751952136649,256.86444662304643,462.7297267339168,-475.57230807895064,649.2289543765124,121.8,13.398,24.02643777026476,100.73638402261139,0.9999999999999998,0,0,1
1742,0.0,281.77387859879826,300.9465057875829,243.3002881495313,470.2598864334655,-425.7718143579063,641.5305568301299,129.57999999999998,14.253799999999998,22.776415962656664,112.31908502702987,0.9999999999999998,0,0,1
1743,0.0,291.7886283720743,299.27797515399874,249.59190606958495,541.6974527366467,-246.9742421818367,712.4907938644502,107.85000000000001,11.8635,30.131285541756135,121.39096089098072,0.9999999999999996,0,0,1
1744,0.0,315.3709173674512,328.8405266265572,262.2768164209273,579.2354233092535,-274.8177954229322,752.3335659146782,123.83,13.6213,29.091867508235673,98.44784809946576,1.0,0,0,1
1745,0.0,309.5841886346163,363.4456135524995,295.49983115367564,556.6221517640868,-138.01053622437132,751.4138927981348,154.61999999999998,17.0082,32.99650369403999,137.10317648629848,0.9967225827771088,0,0,1
1746,0.0,309.40326070054897,382.2638198737171,272.60748276590374,553.5180938382395,-300.474742445033,734.3406079850979,141.45999999999998,15.560599999999999,31.132674992568063,112.34618744927631,1.0,0,0,1
1747,0.0,307.4418439542771,395.757300957654,275.22366898096084,618.3855092627512,-279.00182150995,809.698032608427,94.11,10.3521,32.51225390356379,68.32787312243698,1.0,0,0,1
1748,0.0,309.43984675482966,446.2925700847395,263.19471317649305,548.3720456869312,-343.3901069086331,729.3731597750425,125.95999999999998,13.8556,26.191119748938313,101.53470974059887,0.9999999999999997,0,0,1
1749,0.0,299.80340475784266,446.6175964665674,278.82076359471796,507.835263101069,-283.8570357831068,692.1502110309403,118.2,13.001999999999999,28.535585528357156,89.33893951649945,1.0,0,0,1
1750,0.0,295.0788829242187,429.5153155957643,272.06855592270495,490.99109246243194,-394.8399124236831,677.92278483813,106.06000000000002,11.666599999999999,28.246249694377095,99.8301999048432,0.9999999999999998,0,0,1
1751,0.0,296.9998969486946,407.8858410401235,256.33900469441085,491.12491294133025,-425.741051466253,669.4981324620721,127.47999999999999,14.0228,26.904820915352236,98.9129439868087,0.9999999999999998,0,0,1
1752,0.0,297.6939917845342,388.80451820625683,266.25088428299597,512.6773976291557,-425.33826220450385,698.4629004645772,126.18000000000002,13.879800000000003,26.724171511048638,96.24079383953111,1.0,0,0,1
1753,0.0,300.09970780309743,385.40909630282874,269.32423713357315,529.1710210300317,-389.31965238524003,718.3874422745467,116.53999999999999,12.819399999999998,30.379357183621206,81.0918350401125,0.9999999999999998,0,0,1
1754,0.0,302.5456446200157,390.6235839458299,246.82798760275233,479.588975347513,-375.22854547738547,643.2202397622236,109.4,12.034,25.10084956403124,89.15514954509463,0.9999999999999998,0,0,1
1755,0.0,299.46764757321245,363.7852650366297,277.9669766675353,474.9923204663421,-175.42641989545268,649.7432737643318,114.55,12.600499999999998,27.45687954567,167.5343601950934,0.9999999999999998,0,0,1
1756,0.0,295.8410772409564,342.31712323311575,274.78199817134197,505.0684992639173,-282.21505525393576,691.0197293957251,125.05000000000001,13.755499999999998,27.68750348126549,133.51487545482578,0.9999999999999998,0,0,1
1757,0.0,293.2919057053481,345.86568043120815,259.1534365813014,499.54167758809183,-290.81058717299555,678.5216252984955,99.03000000000002,10.893300000000002,29.25441410441536,78.77622072653277,0.9999999999999998,0,0,1
1758,0.0,303.87225739292944,343.98121035341404,259.90756664339267,538.5085836332062,-348.20506423412223,716.3004452917357,152.87,16.8157,26.662571485490425,136.04705491406293,1.0,0,0,1
1759,0.0,298.4714036938719,360.96630148495126,263.8225200417217,616.9519098203824,26.82798917794338,789.4247463587864,96.94000000000001,10.6634,30.702644845919817,90.12629588825541,1.0,0,0,1
1760,0.0,321.3131279901053,418.5175856398033,296.2035270761487,553.1454029243308,-427.2587054794208,764.0293907974444,143.43,15.7773,28.102601844850224,104.60465099800699,0.9999999999999998,0,0,1
1761,0.0,300.7199500256682,421.1421720426844,275.91845695291477,530.5087751259387,-278.4359551237787,725.1707803142923,114.5,12.595,29.263122354432703,96.95487402647196,1.0,0,0,1
1762,0.0,289.5501416074272,423.5636906866856,241.3916603061425,469.59587505276363,-421.07614417823044,645.4297364715171,124.91999999999999,13.7412,21.63362695007538,101.52800463563892,1.0,0,0,1
1763,19.688284480945285,292.9804238235905,394.0150806316176,269.0544090887238,530.0052754754369,-416.8659031256883,712.8782665088772,110.91,12.200099999999997,27.07325227679888,89.55786526045844,0.9999999999999996,0,0,1
1764,0.0,280.11970810956916,407.47625654672635,260.171348865408,494.472089544317,-384.93855118248376,691.2195331196876,121.75,13.392499999999998,26.874237330407176,108.38287123977244,1.0,0,0,1
1765,0.0,290.36679844950055,402.5028990550378,246.01319044855188,439.8763757812697,-455.38547554154144,617.4744207836796,133.19,14.6509,20.461107304820473,114.81894100946528,0.9999999999999998,0,0,1
1766,0.0,289.86531249964025,359.6246116939794,247.6866776057373,475.8918197708843,-412.0531780300493,647.8283973945138,127.83,14.0613,20.90436730322969,98.1313679539133,0.9999999999999999,0,0,1
1767,0.0,291.99301013679633,345.7251770686117,271.25581290641105,450.16686304595777,-472.1490947221429,633.3484713296451,150.54,16.5594,23.02296312629578,130.28632693799,0.9999999999999999,0,0,1
1768,0.0,291.6833180963382,318.4577286638994,263.2369451388809,445.37632608941584,-497.9594219291337,638.2258061307866,154.05,16.9455,21.67521652987926,117.1413885486922,0.9999999999999998,0,0,1
1769,0.0,284.18189457448824,295.8807491991452,251.09149686867823,475.6010668296557,-396.0359581733037,650.0817062273819,108.46,11.9306,24.947145671183463,85.0879121662159,1.0,0,0,1
1770,0.0,296.7883763118804,296.7883763118804,256.527224466998,465.4663615347431,-442.5230691328544,646.2684010327965,155.16999999999996,17.0687,22.1836587646702,126.07590543532967,0.9999999999999999,0,0,1
1771,0.0,285.8199817770649,285.8199817770649,249.76022828573386,484.295161829325,-395.9764540584325,657.239613241753,132.62,14.5882,20.449023526813146,122.2940381899709,0.9999999999999998,0,0,1
1772,0.0,293.47210927775814,293.47210927775814,283.0899811016366,496.93352642099774,-487.2088832365371,703.2396452635012,151.42999999999998,16.6573,26.279575987349666,119.4107710750556,1.0,0,0,1
1773,0.0,288.7997414603907,303.5338193045223,253.34687554885357,464.95895418441916,-476.6737078929459,654.1453229119518,155.70999999999998,17.1281,22.285589390020863,135.15595733915993,1.0,0,0,1
1774,0.0,283.3577679855916,297.081446499421,255.23849384193,505.6218235005483,-467.3675415158359,699.378071453912,100.33,11.036299999999999,24.050707883163824,67.00359011683622,0.9999999999999998,0,0,1
1775,0.0,294.6964119799439,316.41487696185516,256.4356180871462,463.58135772675587,-475.002659063744,650.0815855339357,121.8,13.398,24.019036498053413,100.74480562486403,0.9999999999999999,0,0,1
1776,0.0,281.4273517826834,303.78966713274644,242.9878479784111,471.06971472000447,-426.0063420574068,642.4126142966351,129.57999999999998,14.253799999999998,22.770087495936163,112.32672136565176,0.9999999999999996,0,0,1
1777,0.0,291.51963578444116,302.3344200663585,249.33216592964874,542.6313849173754,-246.55196435232983,713.5547986664644,107.85000000000001,11.8635,30.125499214602623,121.39866638443263,0.9999999999999998,0,0,1
1778,0.0,315.16220573476795,332.0876035326027,262.0619444982753,580.2712523367089,-273.40469504057717,753.5523019334539,123.83,13.6213,29.088959866804014,98.45250391204553,0.9999999999999996,0,0,1
1779,0.0,309.43249120928357,366.8620440488067,295.348774595192,557.6418588814865,-137.49179921994596,752.6790681548104,154.61999999999998,17.0082,32.99442067255509,137.10596742095655,0.9967305045715369,0,0,1
1780,0.0,309.29851362745165,385.7668914399723,272.5262879257526,554.5273781949462,-301.004859970083,735.6114429487799,141.45999999999998,15.560599999999999,31.130954913353428,112.34869107331347,0.9999999999999998,0,0,1
1781,0.0,307.36661379771516,399.2914092641965,275.1305817284828,619.5244920247844,-278.36049608283855,811.1383356918449,94.11,10.3521,32.51090375529643,68.32961164601261,0.9999999999999998,0,0,1
1782,0.0,309.38533614816686,449.90875768624414,263.1218806610005,549.4025098070399,-342.051424380588,730.70795552803,125.95999999999998,13.8556,26.190391799151953,101.53561415500049,0.9999999999999999,0,0,1
1783,0.0,299.7631689107596,450.22085886126285,278.79065546224854,508.8057480442685,-283.38738873443606,693.4452935891293,118.2,13.001999999999999,28.534883913048173,89.33992273011538,0.9999999999999998,0,0,1
1784,0.0,296.67064651782425,432.657180680522,273.19082947914757,491.6360740118061,-395.5733830818565,679.9388848874636,106.06000000000002,11.666599999999999,28.275827063301662,99.76988356206553,0.9999999999999998,0,0,1
1785,0.0,298.1636301251313,409.6890330797699,257.34290968468787,492.03390538803217,-425.29010110851783,671.2733182071773,127.47999999999999,14.0228,26.92386994444866,98.89434802244276,1.0,0,0,1
1786,0.0,296.9426963248465,390.37686649656763,265.9649383387626,513.7340459412787,-423.47858623133055,699.5314250019214,126.18000000000002,13.879800000000003,26.71143274817679,96.25613785298533,0.9999999999999998,0,0,1
1787,0.0,302.7646635695726,387.071574615238,271.1121068288183,529.6963226670499,-389.18862447496446,720.9836453822614,116.53999999999999,12.819399999999998,30.42707925674193,81.0271016989665,1.0,0,0,1
1788,0.0,301.98056559196164,391.00937741001036,246.86498156680938,480.68453132889255,-375.05380979993123,644.3505176883975,109.4,12.034,25.09264797100676,89.16361076300515,0.9999999999999998,0,0,1
1789,0.0,299.0455664832167,365.1746969166177,277.66225356634925,476.083014296217,-174.71511970614296,650.9589728569212,114.55,12.600499999999998,27.449801590053998,167.5426027345059,0.9999999999999999,0,0,1
1790,0.0,295.5293942005046,344.41459621237266,274.4760704576406,506.2188206657937,-280.69474230930933,692.3763688822887,125.05000000000001,13.755499999999998,27.681889827905685,133.52657401517996,0.9999999999999998,0,0,1
1791,0.0,293.06284296581293,348.49429026973456,258.9436972532277,500.67943165329774,-290.12296788839694,679.9146983573976,99.03000000000002,10.893300000000002,29.24982859761766,78.78234688802657,0.9999999999999998,0,0,1
1792,0.0,305.2497649971658,346.5876873923288,260.78743827832494,539.4715699493689,-348.5360562326226,718.4717968073005,152.87,16.8157,26.683365493559315,136.0145572139623,0.9999999999999998,0,0,1
1793,0.0,299.4747802284905,362.6778057637277,264.7040978884307,618.3084179288636,28.188832152628777,791.7585574450763,96.94000000000001,10.6634,30.722988126283212,90.097342119221,1.0,0,0,1
1794,0.0,322.0494350286837,420.00408174178676,296.93812595380325,554.1879801007193,-425.63948973637366,766.0499932319184,143.43,15.7773,28.11109208540379,104.59616075745335,0.9999999999999997,0,0,1
1795,0.0,298.54931716690385,423.13622415703765,274.5544291581191,532.2113216542879,-277.31805196236303,725.9303005691837,114.5,12.595,29.223839338411366,97.0088375756122,0.9999999999999997,0,0,1
1796,0.0,292.7561564384912,426.578731386104,243.24537193307347,470.27334147480383,-422.1276946898991,648.4025561335321,124.91999999999999,13.7412,21.680657127210765,101.48097445850355,0.9999999999999996,0,0,1
1797,19.64492723834281,292.33522676105366,395.3146970110454,269.11993704414243,531.4075042936153,-415.64591716940714,714.3311830201488,110.91,12.200099999999997,27.06122247140909,89.57040145456084,0.9999999999999996,0,0,1
1798,0.0,281.22275416563417,409.45487500754285,260.94098150469347,495.4655486240588,-383.2076711942633,693.3909928977328,121.75,13.392499999999998,26.891119427235612,108.3579094507885,0.9999999999999998,0,0,1
1799,0.0,291.1258520175144,403.936667124914,246.69232078430164,440.8715563693304,-454.771289235483,619.3930186085299,133.19,14.6509,20.47190242246862,114.80814589181716,0.9999999999999998,0,0,1
1800,0.0,290.43150964237054,360.84852157517446,248.21678638909796,477.062330744816,-411.2211979580921,649.7875954199833,127.83,14.0613,20.912627603688275,98.12310765345472,0.9999999999999998,0,0,1
1801,0.0,292.4233579305198,347.0200059145963,271.7005720822695,451.2892943422337,-471.3526528856363,635.2328582982468,150.54,16.5594,23.02972576358593,130.27956430069978,0.9999999999999998,0,0,1
1802,0.0,290.4653991312307,320.26904086639047,262.4702816354786,446.866392910651,-495.68391848814457,639.4358533916433,154.05,16.9455,21.657041835827332,117.15956324274424,1.0,0,0,1
1803,0.0,286.3820121764306,298.36236267522065,252.4477268233929,476.6670867452123,-395.2009432558774,652.9887590940685,108.46,11.9306,24.989085044303575,85.0228535051752,1.0,0,0,1
1804,0.0,295.138914423838,297.7538647083024,255.7471411992166,466.94695534548777,-441.94699287648814,647.4589440393239,155.16999999999996,17.0687,22.16097208669783,126.0985921133022,0.9999999999999997,0,0,1
1805,0.0,286.52459663159357,288.87216068098866,250.01214161872556,485.61870833491025,-395.21580752070474,659.4918015229081,132.62,14.5882,20.459838845613763,122.28115225867747,0.9999999999999997,0,0,1
1806,0.0,295.2725053338686,295.2725053338686,284.4650748894567,497.96311432888183,-485.91052713521015,706.1479185456939,151.42999999999998,16.6573,26.31053985968804,119.37480930111941,0.9999999999999998,0,0,1
1807,0.0,290.1337481032549,305.2751598486796,254.5437214633918,466.10508326065076,-476.0136962717566,656.7373137785053,155.70999999999998,17.1281,22.30668086317415,135.13124634346144,1.0,0,0,1
1808,0.0,284.3472708000669,298.2360692718134,256.2092114412209,507.0322072928349,-467.4253553220947,702.061723744958,100.33,11.036299999999999,24.069144871597707,66.98515312840225,0.9999999999999998,0,0,1
1809,0.0,295.46128477345,317.49310523993825,257.14646054437844,465.023327846866,-473.9290888602841,652.4151226083133,121.8,13.398,24.030423244130386,100.73178475045293,0.9999999999999999,0,0,1
1810,0.0,281.9836957428321,304.98824384748053,243.49950153970653,472.5201928956566,-424.212242965097,644.7495191873601,129.57999999999998,14.253799999999998,22.78023201988842,112.31448031176035,0.9999999999999999,0,0,1
1811,0.0,291.95150922986153,303.78405265147603,249.7456830586636,544.3619258644289,-245.01276095149484,716.095309944405,107.85000000000001,11.8635,30.13477745394059,121.38631082708417,0.9999999999999998,0,0,1
1812,0.0,315.49730967590335,333.9989345077386,262.3951405540651,582.1304882917749,-272.78096977880455,756.1707770090732,123.83,13.6213,29.093622770548365,98.44503746912395,0.9999999999999996,0,0,1
1813,0.0,308.03815116077595,369.70982796154254,294.46524894171347,559.9356922322263,-135.92697354011824,754.7503133372109,154.61999999999998,17.0082,32.975007139429025,137.13198114091895,0.9968043851452199,0,0,1
1814,0.0,309.9508122442559,390.05685777743685,272.7482882970982,556.3077034123895,-298.87132153576124,738.3994607768524,141.45999999999998,15.560599999999999,31.141613812812313,112.33317662393313,1.0,0,0,1
1815,0.0,306.1610371675647,403.80897557975396,274.39140065113145,621.9111293868702,-276.6328353226403,813.4440637088193,94.11,10.3521,32.48902202849293,68.35778841904227,1.0,0,0,1
1816,0.0,310.11831532751796,455.48974922351965,263.4470802053237,551.2114855196636,-341.9479601971542,733.5974720210883,125.95999999999998,13.8556,26.200119915391113,101.52352781286945,1.0,0,0,1
1817,0.0,298.6446301897169,455.7401049700293,278.1035841199269,510.8775408190097,-282.21669355207024,695.4996250233938,118.2,13.001999999999999,28.515189287194467,89.36752169968067,1.0,0,0,1
1818,0.0,297.41402682590734,438.8157877503159,273.5304674213434,493.31775388713885,-393.8906170104096,682.7949985001472,106.06000000000002,11.666599999999999,28.289380043810127,99.74224449809861,0.9999999999999998,0,0,1
1819,0.0,298.707496224128,415.18412105827633,257.7975868109554,493.7973514462385,-424.4000440679116,674.0448422626207,127.47999999999999,14.0228,26.932905225255144,98.88526332622092,0.9999999999999998,0,0,1
1820,0.0,297.3440920771365,395.52282560594995,266.3695483400533,515.7572328382925,-423.25439045025325,702.4156610807762,126.18000000000002,13.879800000000003,26.718258288231144,96.2479164264066,0.9999999999999998,0,0,1
1821,0.0,299.8399839012168,392.99420865500025,269.16621646449414,532.395903217471,-387.2399040516509,722.5821902531777,116.53999999999999,12.819399999999998,30.374589941320313,81.09830131913036,0.9999999999999998,0,0,1
1822,0.0,303.6440025207166,398.61272325490364,247.48835119020097,482.3266009189148,-373.8046511084295,647.555615444943,109.4,12.034,25.116564708719565,89.13893704470183,0.9999999999999997,0,0,1
1823,0.0,300.28855008295795,371.14288981711155,278.72996501711,477.7935079050504,-173.49440515017142,654.1157759543547,114.55,12.600499999999998,27.470502626160098,167.5184960083093,0.9999999999999996,0,0,1
1824,0.0,293.25822044852697,350.2054068991938,273.17292396210007,508.72650805512,-279.9353920049875,694.2251049879275,125.05000000000001,13.755499999999998,27.640118420486964,133.61362128135914,0.9999999999999997,0,0,1
1825,0.0,292.9883255722456,355.96054349038985,258.5936883044205,502.82233591013113,-289.0387934339564,682.7749971504113,99.03000000000002,10.893300000000002,29.248333258412607,78.78434465041259,1.0,0,0,1
1826,0.0,305.1937923924308,354.0116635260347,260.66233601749843,541.8240887683079,-346.4865566422426,721.5684552927587,152.87,16.8157,26.682530249489382,136.01586257195046,0.9999999999999999,0,0,1
1827,0.0,299.4339880647612,370.1788495106377,264.65936872738104,621.0469485412921,29.82523969004319,795.2408388250301,96.94000000000001,10.6634,30.722167563035274,90.09850994670894,0.9999999999999999,0,0,1
1828,0.0,322.019489915052,427.78593960611533,296.92359124705007,556.6984637250513,-425.21049526057726,769.4964628561625,143.43,15.7773,28.110749252487437,104.59650359036976,0.9999999999999997,0,0,1
1829,0.0,298.52827722576416,431.0098302824123,274.517755194285,534.662324562609,-275.98886076511496,729.2582507110835,114.5,12.595,29.223451596812744,97.00937021401722,0.9999999999999999,0,0,1
1830,0.0,292.74095822880975,434.4827594479789,243.21486834204075,472.4803935377731,-420.19937341632203,651.435245293661,124.91999999999999,13.7412,21.680439811276578,101.48119177443773,0.9999999999999996,0,0,1
1831,19.644149600553153,292.32365477013616,403.0922397487595,269.11849226677765,533.9473234656015,-414.21833497883614,717.7374769160448,110.91,12.200099999999997,27.06100558727869,89.57062746842193,0.9999999999999998,0,0,1
1832,0.0,281.2148406977404,417.32609372974395,260.9515302977649,497.8821276137338,-382.94527787427563,696.7787255819758,121.75,13.392499999999998,26.891206222415722,108.35788833402577,0.9999999999999998,0,0,1
1833,0.0,291.1196243085612,411.81232963272663,246.67404835389027,443.06144258735975,-453.6817771751791,622.4653435064411,133.19,14.6509,20.471814376879344,114.80823393740641,0.9999999999999999,0,0,1
1834,0.0,290.42686347426684,368.5882447471306,248.20963510393204,479.4784021370461,-409.9054697000007,653.0754092943454,127.83,14.0613,20.912560119231166,98.1231751379118,0.9999999999999999,0,0,1
1835,0.0,292.4198261191508,354.782148727231,271.6962015055656,453.61792175160036,-470.12613639787253,638.5081037833969,150.54,16.5594,23.029670451233784,130.27961961305192,0.9999999999999999,0,0,1
1836,0.0,290.46279518119945,327.9994720849075,262.482731213322,449.2160141844768,-495.3757862068096,642.7960213568795,154.05,16.9455,21.65700260303841,117.15960247553298,0.9999999999999998,0,0,1
1837,0.0,286.3800744927452,306.0813055338533,252.43380078436982,479.22284184991247,-393.75877321852755,656.4886110250975,108.46,11.9306,24.98904871958796,85.02290985500959,0.9999999999999998,0,0,1
1838,0.0,295.1374413402406,305.58293329884265,255.72808736663313,469.497927357888,-439.62602635398605,650.9950519978352,155.16999999999996,17.0687,22.160951054497865,126.09861314550204,0.9999999999999999,0,0,1
1839,0.0,286.5235069639068,296.7891019203012,250.0220867268417,488.32215007056595,-393.6598737088078,663.1624853600587,132.62,14.5882,20.4598222094467,122.28117207986736,0.9999999999999999,0,0,1
1840,0.0,295.42767453875,303.194489589343,284.59265844272505,500.75103006438866,-485.1437410477626,710.2277577378352,151.42999999999998,16.6573,26.313166445579434,119.37175881797698,0.9999999999999996,0,0,1
1841,0.0,290.2487800343493,313.4202459136165,254.63552529224128,468.7800846078491,-474.5342378956309,660.591610453819,155.70999999999998,17.1281,22.30847910624672,135.12913953774668,0.9999999999999998,0,0,1
1842,0.0,284.43262095110504,306.40390987528053,256.27520212825135,510.0098691477463,-464.6301228356309,706.2484840051771,100.33,11.036299999999999,24.070722358887643,66.98357564111234,0.9999999999999998,0,0,1
1843,0.0,295.5272687265826,325.882045322639,257.21987326537356,467.8041662545467,-472.3756845043159,656.3644345923117,121.8,13.398,24.03143924085588,100.73062874252113,0.9999999999999999,0,0,1
1844,0.0,282.03170086403765,313.4536349921589,243.5564179139146,475.4106515688767,-423.2540889858392,648.7247209166512,129.57999999999998,14.253799999999998,22.781103448516202,112.31342878508974,0.9999999999999999,0,0,1
1845,0.0,291.98877660407305,312.3862647846687,249.7739248004308,547.7590140116395,-242.8850032631472,720.5871218524744,107.85000000000001,11.8635,30.13557515518738,121.38524855684886,0.9999999999999998,0,0,1
1846,0.0,314.2527871298045,343.340352371586,261.5941402957473,586.0719432627812,-269.29179290349015,760.5291222638313,123.83,13.6213,29.076156451809098,98.47300406141584,0.9999999999999999,0,0,1
1847,0.0,310.4594819143507,379.7536296301716,295.90886887681773,562.845696172504,-134.0957175555642,760.465366506947,154.61999999999998,17.0082,33.008412109062796,137.08722203737776,0.9966773146353762,0,0,1
1848,0.0,310.00809301291997,398.68004881556783,273.13015112273337,559.9741941249807,-297.5820742848835,743.303814116434,141.45999999999998,15.560599999999999,31.142543828279017,112.33182293609423,0.9999999999999999,0,0,1
1849,0.0,306.20197887609737,413.00052657559655,274.4829955702645,626.0957641512991,-273.8676620425978,818.9453957375734,94.11,10.3521,32.48977274339003,68.35682171361397,1.0,0,0,1
1850,0.0,310.148101611757,465.4661459068888,263.46988093176384,554.9903961680144,-338.8446667813357,738.6465736298206,125.95999999999998,13.8556,26.200512491327903,101.52304007114881,0.9999999999999997,0,0,1
1851,0.0,298.66650856526655,466.1194516525849,278.1423860685874,514.450245996255,-280.1504757650216,700.378557466479,118.2,13.001999999999999,28.515578039314025,89.36697692809953,0.9999999999999998,0,0,1
1852,0.0,297.4301671820648,449.4072377258624,273.5661971262346,496.8358061372053,-392.7975307906425,687.6759082762686,106.06000000000002,11.666599999999999,28.28967248287213,99.74164811110684,1.0,0,0,1
1853,0.0,298.71930750812055,425.92192902229056,257.7976432444835,497.3872507642498,-422.36305828662756,678.9531475672846,127.47999999999999,14.0228,26.933100539976923,98.88506694262227,0.9999999999999998,0,0,1
1854,0.0,297.3528108517453,406.4237380854456,266.35712424918665,519.5794534360326,-420.04796891347354,707.6272860241364,126.18000000000002,13.879800000000003,26.718406047725946,96.24773844797002,0.9999999999999996,0,0,1
1855,0.0,299.8464550012928,404.17080814984024,269.1868285424774,536.4175862490492,-384.8580379353007,728.0451256423651,116.53999999999999,12.819399999999998,30.374708971704727,81.09813986721565,0.9999999999999998,0,0,1
1856,0.0,303.64886770315974,410.13556989329203,247.513199187524,486.0404043632169,-372.5924544510364,652.5446137056945,109.4,12.034,25.11663365702576,89.13886591464268,1.0,0,0,1
1857,0.0,300.29218774946975,382.7587973638025,278.72085100207124,481.54332684319667,-171.40973761187615,659.2518268220114,114.55,12.600499999999998,27.470562575963704,167.51842619743272,1.0,0,0,1
1858,0.0,293.2608795748546,361.9235888668201,273.1606336728963,512.7962392701345,-276.84069255085035,699.7806518312314,125.05000000000001,13.755499999999998,27.640168224018485,133.61351749820213,0.9999999999999999,0,0,1
1859,0.0,292.99028796475466,367.956590812425,258.60448362471743,506.9207956180118,-286.67905903816677,688.3415549492244,99.03000000000002,10.893300000000002,29.248372660436402,78.78429200950578,0.9999999999999998,0,0,1
1860,0.0,305.1952663862406,366.2503789386148,260.67823001562545,546.323704332358,-344.5281305025623,727.5617378792739,152.87,16.8157,26.682552255448723,136.0158281800273,1.0,0,0,1
1861,0.0,299.4350622698856,382.85456663561894,264.6512266120028,626.3038298551088,33.185244469775796,801.9728424078115,96.94000000000001,10.6634,30.72218917846485,90.09847918352878,0.9999999999999994,0,0,1
1862,0.0,322.0202784664061,441.2664481500593,296.9039247471119,561.5025813033801,-421.4197560891222,776.1375853424167,143.43,15.7773,28.11075828304992,104.59649455980725,0.9999999999999998,0,0,1
1863,0.0,298.5288312654075,444.8893814889673,274.5327401093419,539.3631118219139,-273.29828842210645,735.6703419974899,114.5,12.595,29.223461808844704,97.00935618580945,1.0,0,0,1
1864,0.0,292.7413584369228,448.6203906869514,243.2316660586098,476.71535642192106,-418.7847377971641,657.2745012508656,124.91999999999999,13.7412,21.680445534447927,101.48118605126635,0.9999999999999996,0,0,1
1865,19.644170077693417,292.32395948948533,417.1586031674974,269.1083808773146,538.8228453051075,-411.3840853762492,724.2914105636293,110.91,12.200099999999997,27.061011298886157,89.57062151638459,0.9999999999999998,0,0,1
1866,0.0,281.2150490784344,431.7182889492374,260.93289595864195,502.5142868489839,-379.35438713908536,703.2490137998476,121.75,13.392499999999998,26.890983673292798,108.35810915355282,0.9999999999999998,0,0,1
1867,0.0,291.11978829871106,426.3308741538322,246.6866822321704,447.2635254009153,-451.52630804198566,628.3690431185249,133.19,14.6509,20.471816695436583,114.80823161884918,0.9999999999999996,0,0,1
1868,0.0,290.426985818581,382.948518110214,248.2262593325333,484.11177260383425,-408.090331444349,659.3863897421783,127.83,14.0613,20.91256189631576,98.12317336082717,0.9999999999999998,0,0,1
1869,0.0,292.41991911979557,369.2693004870854,271.68607959278813,458.08670846709754,-467.7274848106377,644.798390822057,150.54,16.5594,23.0296719077739,130.27961815651187,0.9999999999999998,0,0,1
1870,0.0,290.46286374908317,342.49749499506856,262.46547667131966,453.7243863397972,-492.01313745785893,649.2472325327285,154.05,16.9455,21.657003636146904,117.15960144242459,0.9999999999999998,0,0,1
1871,0.0,286.38012551630464,320.6164294550512,252.4454395153451,484.12360718668754,-390.9631560592129,663.2022164691787,108.46,11.9306,24.989049676112987,85.02290837117057,0.9999999999999998,0,0,1
1872,0.0,295.1374801298253,320.37641515214597,255.7456703867689,474.39137040573775,-437.7699423424276,657.7802148869448,155.16999999999996,17.0687,22.160951608329192,126.0986125916707,1.0,0,0,1
1873,0.0,286.5235356572826,311.79122385034003,250.01109631095133,493.5089105704027,-390.65392484371995,670.2063481328549,132.62,14.5882,20.45982264751755,122.28117155792721,0.9999999999999999,0,0,1
1874,0.0,295.4276968377849,318.5391535504572,284.5776586131954,506.1691766110721,-481.1589494903991,717.9124693763611,151.42999999999998,16.6573,26.31316682256338,119.37175838015341,0.9999999999999998,0,0,1
1875,0.0,290.24879656603525,329.1967000177711,254.64489704221063,473.9480248237728,-471.65092703079506,667.8741377413455,155.70999999999998,17.1281,22.30847936444644,135.12913923524258,0.9999999999999998,0,0,1
1876,0.0,284.43263321739926,322.37655376150934,256.2913236409825,515.739391151807,-462.2920396851598,714.1825872449073,100.33,11.036299999999999,24.070722585454153,66.98357541454588,1.0,0,0,1
1877,0.0,295.5272782097299,342.3514254489791,257.20870406593224,473.1589427565623,-469.3996355884868,663.8775957834345,121.8,13.398,24.031439386795213,100.73062857647054,0.9999999999999997,0,0,1
1878,0.0,282.0317077634067,330.1020536109168,243.54465713969256,480.9562147266195,-419.4142363876558,656.2919600112385,129.57999999999998,14.253799999999998,22.78110357371469,112.31342863401639,0.9999999999999999,0,0,1
1879,0.0,291.9887819602249,329.2882496337898,249.78077893217795,554.2693980076307,-238.87560809733048,729.1516558536553,107.85000000000001,11.8635,30.135575269801297,121.38524840422158,1.0,0,0,1
1880,0.0,314.2527912695319,361.0231562226593,261.613906404031,593.170350033471,-265.64002553619116,769.7405281869535,123.83,13.6213,29.076156510588763,98.47300396730495,0.9999999999999999,0,0,1
1881,0.0,310.45948493630914,398.4226853335871,295.8950132278413,569.7915979731425,-129.90701061904787,769.850032811249,154.61999999999998,17.0082,33.00841214985229,137.0872219827325,0.9966773144803789,0,0,1
1882,0.0,310.0080951024198,418.07244793122175,273.10516030435787,567.0142033232833,-292.3166916492937,752.6486491536543,141.45999999999998,15.560599999999999,31.14254386218674,112.33182288673959,1.0,0,0,1
1883,0.0,306.20198036962125,433.0313757810673,274.4995249052101,634.1153912247275,-268.83579352522594,829.43522443411,94.11,10.3521,32.48977277076578,68.35682167836177,0.9999999999999998,0,0,1
1884,0.0,310.1481026983593,486.6044959313461,263.49009491494303,562.2337618440987,-335.4572929448835,748.286898366269,125.95999999999998,13.8556,26.20051250564515,101.52304005336077,0.9999999999999997,0,0,1
1885,0.0,298.6665093633992,487.69335379650715,278.1303566430104,521.2904527557391,-276.38919653808375,709.6908951856619,118.2,13.001999999999999,28.515578053493304,89.36697690822949,0.9999999999999996,0,0,1
1886,0.0,297.430167770876,471.09829395488407,273.54799644253717,503.5646356789927,-388.2690889791925,696.989355743312,106.06000000000002,11.666599999999999,28.289672493539094,99.74164808935328,1.0,0,0,1
1887,0.0,298.71930793900646,447.64634002748744,257.80914978830344,504.25074247124377,-418.5993884038525,688.3220838195649,127.47999999999999,14.0228,26.93310054710147,98.88506693545862,0.9999999999999999,0,0,1
1888,0.0,297.35281116981486,428.25222017452944,266.37831138343347,526.8848333702316,-416.8710265100072,717.5766523034627,126.18000000000002,13.879800000000003,26.718406053115977,96.2477384414777,0.9999999999999998,0,0,1
1889,0.0,299.84645523736583,426.35191381692846,269.1727137040122,544.1010165664574,-380.3999578612736,738.4733521313283,116.53999999999999,12.819399999999998,30.37470897604685,81.09813986132602,0.9999999999999998,0,0,1
1890,0.0,303.6488678806475,432.8318326104355,247.4927613293465,493.13140880243475,-367.8656304877341,662.0648033122769,109.4,12.034,25.116633659540984,89.13886591204786,0.9999999999999998,0,0,1
1891,0.0,300.29218788217645,405.5091871949562,278.7337654670494,488.70067287981703,-167.49771864696658,669.0505162232512,114.55,12.600499999999998,27.47056257815067,167.51842619488608,0.9999999999999998,0,0,1
1892,0.0,293.260879671863,384.76564400279244,273.1757092612506,520.5597809068452,-273.12035684615927,710.3750670126731,125.05000000000001,13.755499999999998,27.64016822583533,133.61351749441627,0.9999999999999998,0,0,1
1893,0.0,292.99028803634525,391.2408442598332,258.5956190121157,514.7411713694729,-282.2215052731218,698.9607476838106,99.03000000000002,10.893300000000002,29.248372661873812,78.78429200758558,1.0,0,0,1
1894,0.0,305.1952664400138,389.9264566125222,260.6637458416563,554.9085833266589,-338.6624165817365,738.9945742190341,152.87,16.8157,26.682552256251512,136.01582817877255,0.9999999999999999,0,0,1
1895,0.0,299.435062309074,407.30536722678204,264.660436091025,636.3282980836085,39.56046475519645,814.8090265578937,96.94000000000001,10.6634,30.72218917925341,90.09847918240654,0.9999999999999998,0,0,1
1896,0.0,322.0202784951738,467.20105755614674,296.92442767302236,570.6565473178134,-417.03729532779727,788.7906653610175,143.43,15.7773,28.110758283379372,104.5964945594779,1.0,0,0,1
1897,0.0,298.5288312856199,471.53885250780934,274.5183239526934,548.3206808129697,-268.1940292595574,747.8881183094963,114.5,12.595,29.22346180921723,97.00935618529772,0.9999999999999997,0,0,1
1898,0.0,292.741358451523,475.724648837461,243.21523595524113,484.7788508159511,-413.72765343307316,668.3920983444767,124.91999999999999,13.7412,21.680445534656734,101.48118605105753,0.9999999999999998,0,0,1
1899,19.644170078440453,292.323959500602,444.09288300967404,269.11880402890137,548.106669117097,-406.0039270911797,736.7708254714064,110.91,12.200099999999997,27.061011299094524,89.57062151616731,1.0,0,0,1
1900,0.0,281.2150490860365,459.2453817881489,260.9351045159489,511.33176846623877,-374.49748381797195,715.5887331214534,121.75,13.392499999999998,26.890983673426746,108.35810915335577,1.0,0,0,1
1901,0.0,291.11978830469377,454.075115951769,246.6870832480579,455.25819443021226,-447.43909660805235,639.6009058674217,133.19,14.6509,20.47181669552117,114.80823161876455,0.9999999999999998,0,0,1
1902,0.0,290.4269858230444,410.3689920230675,248.21259252409368,492.92470994835276,-402.44153712946235,671.3900865513152,127.83,14.0613,20.91256189638059,98.12317336076231,0.9999999999999999,0,0,1
1903,0.0,292.4199191231884,396.9113222718966,271.6970289591764,466.57908512701425,-463.18160067128963,656.7521775277088,150.54,16.5594,23.029671907827044,130.27961815645872,0.9999999999999999,0,0,1
1904,0.0,290.4628637515846,370.1394942089785,262.48295110953353,462.2925666853525,-488.34981053472967,661.5076874378707,154.05,16.9455,21.657003636184584,117.1596014423869,0.9999999999999998,0,0,1
1905,0.0,286.3801255181661,348.312449474989,252.4338806447632,493.4337781358268,-385.661569317525,675.9562444036458,108.46,11.9306,24.989049676147893,85.0229083711166,0.9999999999999997,0,0,1
1906,0.0,295.1374801312403,348.54773858614016,255.7281308778046,483.6825758059999,-431.6516923575681,670.6631876104863,155.16999999999996,17.0687,22.160951608349386,126.0986125916506,0.9999999999999998,0,0,1
1907,0.0,286.5235356583292,340.34320941213053,250.0221158093948,503.35176129952794,-384.95886354499874,683.5733631987155,132.62,14.5882,20.459822647533528,122.28117155790818,0.9999999999999999,0,0,1
1908,0.0,295.4276968385983,347.7257205873619,284.5926826876552,516.4501316178045,-476.01305629463354,732.4942063485584,151.42999999999998,16.6573,26.31316682257714,119.3717583801375,1.0,0,0,1
1909,0.0,290.2487965666383,359.1894949539735,254.6355411963864,483.75180739385047,-466.18839878882244,681.6893505661011,155.70999999999998,17.1281,22.30847936445586,135.12913923523143,0.9999999999999998,0,0,1
1910,0.0,284.4326332178468,352.72950379550645,256.2752141917721,526.602822618163,-454.85722523839706,729.2259865358765,100.33,11.036299999999999,24.07072258546241,66.98357541453754,0.9999999999999997,0,0,1
1911,0.0,295.5272782100758,373.63345813833257,257.21988225940856,483.30796893066076,-463.76662740336934,678.1174430890213,121.8,13.398,24.03143938680054,100.73062857646451,0.9999999999999998,0,0,1
1912,0.0,282.0317077636584,361.7108248849199,243.5564244126346,491.46005873088933,-414.16663935485883,670.6250492992401,129.57999999999998,14.253799999999998,22.781103573719257,112.3134286340109,0.9999999999999998,0,0,1
1913,0.0,291.9887819604203,361.3632431017435,249.7739298456936,566.5944860659627,-231.293928512609,745.3655374041218,107.85000000000001,11.8635,30.13557526980548,121.38524840421607,1.0,0,0,1
1914,0.0,314.25279126968286,394.56189939681565,261.59414417319994,606.6002319708915,-256.3906576328572,787.1681093455059,123.83,13.6213,29.0761565105909,98.47300396730142,1.0,0,0,1
1915,0.0,310.45948493641947,433.81169895054285,295.9088721588683,582.928126501122,-121.99416701298219,787.5989026687789,154.61999999999998,17.0082,33.00841214985378,137.0872219827305,0.9966773144803733,0,0,1
1916,0.0,310.00809510249604,454.81432672714334,273.1301532387761,580.3238030064787,-285.43840173614274,770.3156708325646,141.45999999999998,15.560599999999999,31.142543862187956,112.33182288673784,0.9999999999999998,0,0,1
1917,0.0,306.2019803696757,470.96542519198545,274.48299709275864,649.2695886346223,-259.3367155530452,849.2572084196158,94.11,10.3521,32.48977277076677,68.35682167836052,1.0,0,0,1
1918,0.0,310.148102698399,526.6157645714991,263.46988197897457,575.9128192020784,-326.7507977113768,766.4925987308635,125.95999999999998,13.8556,26.20051250564567,101.52304005336026,0.9999999999999999,0,0,1
1919,0.0,298.66650936342836,528.5099853352134,278.1423869063873,534.2018995811226,-269.3000663492542,727.2686893064243,118.2,13.001999999999999,28.515578053493837,89.36697690822884,0.9999999999999998,0,0,1
1920,0.0,297.4301677708976,512.118413976637,273.5661977344471,516.2626052251705,-382.3079583128098,714.5647551780106,106.06000000000002,11.666599999999999,28.28967249353949,99.74164808935251,0.9999999999999998,0,0,1
1921,0.0,298.71930793902214,488.71310282659397,257.7976436600534,517.1951042799002,-411.5119067967703,705.991646486322,127.47999999999999,14.0228,26.93310054710172,98.88506693545833,0.9999999999999998,0,0,1
1922,0.0,297.3528111698265,469.4974267239747,266.3571245674397,540.6529230582476,-408.0793205419178,736.3277323900716,126.18000000000002,13.879800000000003,26.718406053116176,96.24773844147735,0.9999999999999998,0,0,1
1923,0.0,299.8464552373745,468.24179152394316,269.18682877922106,558.5731058126252,-372.0154224418477,758.1153890556602,116.53999999999999,12.819399999999998,30.374708976047007,81.09813986132586,0.9999999999999996,0,0,1
1924,0.0,303.648867880654,475.6712648200846,247.51319934837113,506.4840491988266,-361.4428709869051,679.9916947654243,109.4,12.034,25.11663365954106,89.13886591204786,0.9999999999999997,0,0,1
1925,0.0,300.2921878821813,448.4315163086868,278.72085114068875,502.1689406197227,-160.14891425298845,687.4891065180396,114.55,12.600499999999998,27.470562578150762,167.518426194886,0.9999999999999997,0,0,1
1926,0.0,293.2608796718664,427.83946366355076,273.1606337744952,535.163181449143,-264.02587904925645,730.3034057344564,125.05000000000001,13.755499999999998,27.64016822583539,133.61351749441602,0.9999999999999999,0,0,1
1927,0.0,292.9902880363478,435.1263139857648,258.6044836951556,529.4370423151024,-273.85962372423836,718.9160912921228,99.03000000000002,10.893300000000002,29.248372661873873,78.7842920075852,0.9999999999999996,0,0,1
1928,0.0,305.1952664400156,434.5238146527349,260.6782300670617,571.0333396024466,-329.8027353587369,760.4685750841409,152.87,16.8157,26.68255225625154,136.0158281787725,0.9999999999999997,0,0,1
1929,0.0,299.43506230907514,453.3340185990898,264.6512266509389,655.1478769530444,51.51494676921675,838.9072205012034,96.94000000000001,10.6634,30.722189179253423,90.0984791824065,0.9999999999999997,0,0,1
1930,0.0,322.0202784951744,515.9918103769613,296.9039247776225,587.831875131408,-406.04462427248325,812.5312818799305,143.43,15.7773,28.110758283379358,104.5964945594779,0.9999999999999998,0,0,1
1931,0.0,298.52883128562024,521.6464341580087,274.5327401300929,565.1146335046459,-258.6406204609725,770.7944177015498,114.5,12.595,29.223461809217234,97.00935618529772,0.9999999999999997,0,0,1
1932,0.0,292.7413584515232,526.6578331777589,243.231666072022,499.88912422534617,-406.62675144259566,689.2254893508406,124.91999999999999,13.7412,21.680445534656734,101.4811860510575,0.9999999999999998,0,0,1
1933,19.644170078440464,292.32395950060214,494.68087905274405,269.10838088868724,565.492000936695,-395.9456132072146,760.1403737683695,110.91,12.200099999999997,27.06101129909453,89.57062151616731,0.9999999999999998,0,0,1
1934,0.0,281.21504908603663,510.91546201780164,260.9328959666133,527.8355329756341,-365.42334926449746,738.6851035512377,121.75,13.392499999999998,26.89098367342676,108.35810915335577,0.9999999999999998,0,0,1
1935,0.0,291.11978830469377,506.12400638251756,246.6866822377325,470.20795531719955,-439.81506015538577,660.6041095940145,133.19,14.6509,20.471816695521166,114.80823161876455,1.0,0,0,1
1936,0.0,290.4269858230445,461.7809294690777,248.22625933675852,509.3948702949596,-394.08646618485585,693.8233347887207,127.83,14.0613,20.912561896380588,98.12317336076231,0.9999999999999998,0,0,1
1937,0.0,292.4199191231885,448.7060146263492,271.68607959630606,482.4407129082466,-454.7097428782592,679.0788503609383,150.54,16.5594,23.02967190782704,130.27961815645872,0.9999999999999999,0,0,1
1938,0.0,290.4628637515847,421.9029566800591,262.465476673835,478.28231490634636,-478.84816841501015,684.3878765878353,154.05,16.9455,21.657003636184594,117.1596014423869,0.9999999999999996,0,0,1
1939,0.0,286.38012551816604,400.14324132245946,252.44543951715542,510.79638755604833,-375.79487991622835,699.7413292048524,108.46,11.9306,24.989049676147882,85.0229083711166,0.9999999999999996,0,0,1
1940,0.0,295.13748013124024,401.231126604602,255.74567038812725,500.9953002921323,-422.84435550786327,694.6686150765124,155.16999999999996,17.0687,22.160951608349393,126.0986125916506,0.9999999999999997,0,0,1
1941,0.0,286.5235356583292,393.700186848661,250.01109631196252,521.679814557801,-374.37579022790743,708.4636486211747,132.62,14.5882,20.459822647533525,122.28117155790818,0.9999999999999998,0,0,1
1942,0.0,295.4276968385983,402.22847210890137,284.577658614067,535.579322747657,-464.0837721707769,759.6256190773304,151.42999999999998,16.6573,26.313166822577145,119.3717583801375,0.9999999999999998,0,0,1
1943,0.0,290.24879656663825,415.1554194657058,254.64489704278847,501.97782555598167,-456.0563983476548,707.3729393288685,155.70999999999998,17.1281,22.308479364455852,135.12913923523143,0.9999999999999996,0,0,1
1944,0.0,284.43263321784656,409.3261893365805,256.291323641422,546.7818524710938,-444.0404882704058,757.1693858490058,100.33,11.036299999999999,24.070722585462395,66.98357541453758,0.9999999999999997,0,0,1
1945,0.0,295.5272782100757,431.9155250320387,257.20870406626005,502.1441105661495,-453.3372149657818,704.5459669798674,121.8,13.398,24.031439386800532,100.73062857646451,0.9999999999999997,0,0,1
1946,0.0,282.03170776365823,420.5573032959717,243.54465713992934,510.94094282638866,-402.46983390678736,697.2078175727665,129.57999999999998,14.253799999999998,22.781103573719253,112.3134286340109,1.0,0,0,1
1947,0.0,291.9887819604202,421.03249451886006,249.78077893236187,589.4352542696247,-217.26927283755987,775.4129908925123,107.85000000000001,11.8635,30.13557526980548,121.38524840421607,0.9999999999999998,0,0,1
1948,0.0,314.2527912696828,456.90099392202796,261.6139064041724,631.4671572175355,-241.60824358059648,819.4372208623904,123.83,13.6213,29.0761565105909,98.47300396730142,0.9999999999999998,0,0,1
1949,0.0,310.4594849364194,499.5320816149591,295.89501322796093,607.2263100575672,-107.38758955816246,820.428374838473,154.61999999999998,17.0082,33.00841214985378,137.0872219827305,0.9966773144803731,0,0,1
1950,0.0,310.00809510249593,522.9878302021611,273.10516030443483,604.9209620671229,-269.7351055212263,802.9656793006194,141.45999999999998,15.560599999999999,31.14254386218797,112.33182288673784,0.9999999999999998,0,0,1
1951,0.0,306.2019803696756,541.2912076839978,274.4995249052654,677.2514884545037,-241.8285269822528,885.858075830153,94.11,10.3521,32.48977277076676,68.35682167836052,0.9999999999999998,0,0,1
1952,0.0,310.1481026983989,600.7243298121583,263.4900949149812,601.1489092239307,-313.0061271286733,800.0797591095045,125.95999999999998,13.8556,26.20051250564567,101.52304005336026,0.9999999999999998,0,0,1
1953,0.0,298.6665093634283,604.0494119534477,278.13035664304084,558.0009436837827,-256.26722845342726,759.6689851961604,118.2,13.001999999999999,28.515578053493815,89.36697690822884,0.9999999999999998,0,0,1
1954,0.0,297.43016777089747,587.97590077892,273.54799644255934,539.6446930635769,-368.83347868528966,746.9281603572689,106.06000000000002,11.666599999999999,28.289672493539474,99.74164808935251,0.9999999999999996,0,0,1
1955,0.0,298.71930793902203,564.5959365206462,257.80914978831856,541.0069288935583,-398.51218633274004,738.4957230441349,127.47999999999999,14.0228,26.933100547101727,98.88506693545833,0.9999999999999998,0,0,1
1956,0.0,297.35281116982645,545.6450679741173,266.3783113834452,565.9558751737748,-394.7315030286303,770.7884086564854,126.18000000000002,13.879800000000003,26.71840605311617,96.24773844147735,0.9999999999999998,0,0,1
1957,0.0,299.84645523737436,545.5090830697819,269.17271370402074,585.1457600218824,-356.6599134729187,794.18074536168,116.53999999999999,12.819399999999998,30.37470897604701,81.09813986132586,0.9999999999999996,0,0,1
1958,0.0,303.64886788065394,554.616066507011,247.49276132935225,530.9734568202907,-347.2807080191195,712.8705066819341,109.4,12.034,25.116633659541073,89.13886591204786,0.9999999999999998,0,0,1
1959,0.0,300.2921878821813,527.4580145991033,278.7337654670544,526.8463139050456,-146.72692290971725,721.2734048663243,114.55,12.600499999999998,27.470562578150762,167.518426194886,0.9999999999999998,0,0,1
1960,0.0,293.26087967186646,507.07197917434917,273.1757092612542,561.8884780249039,-249.49902888928375,766.7737306467401,125.05000000000001,13.755499999999998,27.6401682258354,133.61351749441593,0.9999999999999998,0,0,1
1961,0.0,292.9902880363478,515.7684102380781,258.5956190121182,556.3062660395307,-258.6166131713911,755.4014819092059,99.03000000000002,10.893300000000002,29.248372661873862,78.78429200758548,0.9999999999999998,0,0,1
1962,0.0,305.1952664400157,516.3917406730862,260.6637458416581,600.4810561768884,-311.56563968753835,799.6853099221424,152.87,16.8157,26.682552256251522,136.01582817877255,0.9999999999999998,0,0,1
1963,0.0,299.4350623090753,537.7366462756816,264.66043609102627,689.4771219944732,73.27182966183972,882.865313861054,96.94000000000001,10.6634,30.722189179253437,90.09847918240649,0.9999999999999998,0,0,1
1964,0.0,322.02027849517464,605.3502295734246,296.92442767302333,619.126805938735,-388.79868348883105,855.7887357897529,143.43,15.7773,28.110758283379358,104.5964945594779,0.9999999999999997,0,0,1
1965,0.0,298.52883128562036,613.3184567445875,274.5183239526939,595.6816090517883,-241.30519919976,812.4865854864131,114.5,12.595,29.22346180921726,97.00935618529769,0.9999999999999999,0,0,1
1966,0.0,292.74135845152335,619.7443666916223,243.21523595524144,527.3565074724565,-391.4615111521704,727.0963285874685,124.91999999999999,13.7412,21.680445534656734,101.48118605105753,1.0,0,0,1
1967,19.64417007844048,292.32395950060237,587.0460997514658,269.11880402890176,597.0558844901282,-377.74281258648136,802.5688823982804,110.91,12.200099999999997,27.061011299094535,89.57062151616731,0.9999999999999998,0,0,1
1968,0.0,281.21504908603674,605.1476922563613,260.95174882950727,557.7638237799354,-350.0597534908404,780.5824751467819,121.75,13.392499999999998,26.891209894451755,108.35788293233077,0.9999999999999998,0,0,1
1969,0.0,291.11978830469394,600.9438639046747,246.67420080645755,497.2857746632795,-426.0674248594681,698.6462535785794,133.19,14.6509,20.471816695521177,114.80823161876455,1.0,0,0,1
1970,0.0,290.42698582304473,555.3447133863856,248.20975091143097,539.1874931402098,-376.89939130360176,734.4024967316451,127.83,14.0613,20.91256189638059,98.12317336076231,0.9999999999999998,0,0,1
1971,0.0,292.4199191231886,542.8561247154144,271.6962979438029,511.0959989325259,-439.46978735203624,719.4137519757454,150.54,16.5594,23.02967190782704,130.27961815645872,0.9999999999999999,0,0,1
1972,0.0,290.46286375158473,515.8881039814887,262.4828001669493,507.1295596061009,-464.4006339175838,725.66622606923,154.05,16.9455,21.65700363618459,117.1596014423869,0.9999999999999998,0,0,1
1973,0.0,286.3801255181661,494.13768970678876,252.43385040407,542.0798382151347,-358.08567445586567,742.5966114260905,108.46,11.9306,24.989049676147882,85.0229083711166,0.9999999999999996,0,0,1
1974,0.0,295.1374801312403,496.64790503607674,255.72812460069628,532.1493295802279,-404.5504097019496,737.8660789389381,155.16999999999996,17.0687,22.160951608349382,126.0986125916506,0.9999999999999998,0,0,1
1975,0.0,286.5235356583292,490.21401474560383,250.02211445007927,554.6147527459021,-355.42955216124767,753.1907126645351,132.62,14.5882,20.45982264753352,122.28117155790821,0.9999999999999998,0,0,1
1976,0.0,295.4276968385983,500.6825309813543,284.59268233694064,569.9053695252694,-445.07264310981697,808.3111142531903,151.42999999999998,16.6573,26.31316682257713,119.3717583801375,0.9999999999999998,0,0,1
1977,0.0,290.24879656663825,516.1126930995307,254.6355411370254,534.6354590518403,-437.9778730099205,753.3931518191392,155.70999999999998,17.1281,22.30847936445586,135.12913923523143,0.9999999999999998,0,0,1
1978,0.0,284.4326332178466,511.28677881416183,256.2752141802625,582.88971983051,-421.864146360926,807.1706278969797,100.33,11.036299999999999,24.070722585462406,66.98357541453758,0.9999999999999997,0,0,1
1979,0.0,295.5272782100757,536.7629230396701,257.21988225728677,535.7990235302976,-434.78306052651277,751.7663419658754,121.8,13.398,24.031439386800532,100.73062857646451,0.9999999999999999,0,0,1
1980,0.0,282.0317077636583,526.2793359622657,243.5564244122359,545.6944453178687,-383.6266224405597,744.6309375346518,129.57999999999998,14.253799999999998,22.781103573719253,112.3134286340109,0.9999999999999999,0,0,1
1981,0.0,291.9887819604202,528.0833798873415,249.77392984560717,630.068130685626,-192.42135211496668,828.866292170425,107.85000000000001,11.8635,30.13557526980548,121.38524840421607,0.9999999999999998,0,0,1
1982,0.0,314.2527912696828,568.5323980091723,261.5941441731794,675.7106000983533,-213.12975165895,876.8506959121333,123.83,13.6213,29.0761565105909,98.47300396730148,0.9999999999999999,0,0,1
1983,0.0,310.4594849364194,617.0450341770415,295.9088721588622,650.4298018059114,-81.49038605266787,878.800961690122,154.61999999999998,17.0082,33.00841214985378,137.0872219827305,0.9966773144803733,0,0,1
1984,0.0,310.008095102496,644.7390890632752,273.1301532387748,648.5895254049927,-244.88227889177745,860.9308678516222,141.45999999999998,15.560599999999999,31.14254386218797,112.33182288673784,0.9999999999999997,0,0,1
1985,0.0,306.20198036967554,666.7286202511194,274.4829970927582,726.8160300138231,-210.91389102061976,950.6894570285006,94.11,10.3521,32.489772770766756,68.35682167836057,0.9999999999999998,0,0,1
1986,0.0,310.1481026983989,732.6993043247245,263.4698819789744,645.7148077873843,-286.63625678398927,859.3933049548729,125.95999999999998,13.8556,26.20051250564566,101.52304005336026,0.9999999999999998,0,0,1
1987,0.0,298.6665093634283,738.3445491741462,278.1423869063872,599.9980042636905,-233.3806409372993,816.8442727168928,118.2,13.001999999999999,28.515578053493822,89.36697690822884,1.0,0,0,1
1988,0.0,297.4301677708975,722.6458834964925,273.56619773444703,580.843422541141,-347.668572730849,803.951775364094,106.06000000000002,11.666599999999999,28.289672493539474,99.74164808935251,0.9999999999999998,0,0,1
1989,0.0,298.71930793902214,699.1210655498079,257.7976436600534,582.8685912652281,-375.7845979970285,795.6385376181019,127.47999999999999,14.0228,26.933100547101716,98.88506693545833,0.9999999999999998,0,0,1
1990,0.0,297.3528111698265,680.4254349724487,266.3571245674397,610.3045603376142,-368.79729660099986,831.1879096828638,126.18000000000002,13.879800000000003,26.71840605311618,96.24773844147735,1.0,0,0,1
1991,0.0,299.8464552373745,682.0051591646404,269.18682877922106,631.6729985222345,-329.90887373914427,857.3291768746222,116.53999999999999,12.819399999999998,30.374708976047025,81.09813986132586,0.9999999999999998,0,0,1
1992,0.0,303.64886788065405,693.8233665042274,247.51319934837113,573.7781949409135,-325.01514683745404,770.3389826678506,109.4,12.034,25.116633659541073,89.13886591204786,0.9999999999999998,0,0,1
1993,0.0,300.2921878821814,666.5792410910841,278.7208511406888,569.8718757895763,-123.47575751344817,780.1770978365201,114.55,12.600499999999998,27.470562578150762,167.518426194886,0.9999999999999999,0,0,1
1994,0.0,293.26087967186663,646.3017648059966,273.16063377449535,608.4568964599875,-222.31052429587152,830.3227111478225,125.05000000000001,13.755499999999998,27.640168225835406,133.61351749441593,0.9999999999999999,0,0,1
1995,0.0,292.9902880363479,657.2353038805466,258.6044836951557,603.0540628595323,-232.22732023697858,818.8797440636545,99.03000000000002,10.893300000000002,29.248372661873844,78.7842920075852,0.9999999999999996,0,0,1
1996,0.0,305.1952664400157,659.7731890747101,260.67823006706175,651.6026667037653,-282.0847868526586,867.7660604094012,152.87,16.8157,26.682552256251537,136.0158281787725,0.9999999999999999,0,0,1
1997,0.0,299.4350623090753,685.2825525803261,264.651226650939,748.8960345737684,110.76587472829351,958.9503574834622,96.94000000000001,10.6634,30.72218917925344,90.0984791824065,0.9999999999999999,0,0,1
1998,0.0,322.02027849517464,761.2006482419837,296.9039247776227,673.2243720486978,-356.50049297371305,930.565158432853,143.43,15.7773,28.11075828337937,104.5964945594779,0.9999999999999998,0,0,1
1999,0.0,298.5288312856204,772.9090972988917,274.5327401300931,648.4076314886426,-211.56726113948156,884.4028328323591,114.5,12.595,29.223461809217255,97.0093561852977,0.9999999999999998,0,0,1
2000,0.0,292.7413584515234,781.5007397814779,243.2316660720222,574.6051805971523,-367.7915906014597,792.2407541758641,124.91999999999999,13.7412,21.68044553465674,101.48118605105748,1.0,0,0,1
2001,19.644170078440485,292.3239595006025,747.2558100624642,269.1083808886874,651.2794978871162,-346.64494872645486,875.456841355055,110.91,12.200099999999997,27.06101129909453,89.57062151616731,0.9999999999999998,0,0,1
2002,0.0,281.21504908603686,768.2768432862488,260.9328959666136,609.0642712515923,-321.1051164718098,852.3615334165277,121.75,13.392499999999998,26.89098367342675,108.35810915335577,1.0,0,0,1
2003,0.0,291.1197883046941,764.777955533424,246.6866822377328,543.573073793024,-402.76355459080776,763.6761614764356,133.19,14.6509,20.47181669552117,114.80823161876455,0.9999999999999999,0,0,1
2004,0.0,290.42698582304473,716.70401988063,248.22625933675874,590.0401779772048,-349.80903480412235,803.6666009346056,127.83,14.0613,20.912561896380602,98.12317336076228,0.9999999999999998,0,0,1
2005,0.0,292.4199191231886,704.905656870434,271.68607959630623,559.8966146639158,-413.7081329981273,788.1050235477632,150.54,16.5594,23.02967190782704,130.27961815645872,0.9999999999999998,0,0,1
2006,0.0,290.46286375158473,677.3361292693485,262.465476673835,556.1117119097257,-437.5507854139056,795.7561921018314,154.05,16.9455,21.657003636184587,117.1596014423869,0.9999999999999998,0,0,1
2007,0.0,286.3801255181661,655.2522379897899,252.44543951715542,595.1045802000284,-328.27103060316773,815.2353464312057,108.46,11.9306,24.9890496761479,85.0229083711166,1.0,0,0,1
2008,0.0,295.13748013124047,659.8365052022663,255.7456703881273,584.8225563644068,-376.24651133413846,810.9015694524035,155.16999999999996,17.0687,22.160951608349386,126.0986125916506,0.9999999999999997,0,0,1
2009,0.0,286.5235356583293,654.9079252251447,250.01109631196266,608.1370483957046,-325.5233121696394,825.8762945109052,132.62,14.5882,20.459822647533528,122.28117155790821,0.9999999999999998,0,0,1
2010,0.0,295.4276968385984,667.0576034565636,284.57765861406716,623.4747213737504,-414.7081485839429,884.2898728294363,151.42999999999998,16.6573,26.313166822577145,119.3717583801375,0.9999999999999998,0,0,1
2011,0.0,290.24879656663836,684.0079200127592,254.64489704278864,583.5348880093164,-412.79019543636184,822.3008426216998,155.70999999999998,17.1281,22.308479364455852,135.12913923523143,0.9999999999999998,0,0,1
2012,0.0,284.43263321784684,677.5477436331906,256.29132364142225,634.7104382458565,-394.8101137601234,878.9306202220291,100.33,11.036299999999999,24.07072258546241,66.98357541453758,0.9999999999999997,0,0,1
2013,0.0,295.52727821007585,703.429911331853,257.2087040662602,582.0467992763716,-411.82755858765665,816.6554508851233,121.8,13.398,24.03143938680054,100.73062857646451,0.9999999999999998,0,0,1
2014,0.0,282.03170776365835,689.9129380443428,243.5446571399294,591.3685272622009,-360.02711756141906,806.9558058763694,129.57999999999998,14.253799999999998,22.781103573719246,112.3134286340109,0.9999999999999998,0,0,1
